id,version,created,updated,deleted,place_connection_id,map_id
e4c8413a-87d4-46d6-af75-47051d4c4cb9,1,2024-02-18 10:47:44.120861,2024-02-18 10:47:44.120861,,6e6e4825-fa2a-47af-b907-9f633d5cf8d8,7773c1eb-dbca-45c8-9244-2c716d03fe60
076d8898-048b-400c-97fb-e1ed7578dc8a,1,2024-02-18 10:47:44.123270,2024-02-18 10:47:44.123270,,a9eb6db6-b386-4479-9446-11132e274e40,7773c1eb-dbca-45c8-9244-2c716d03fe60
08bcdea9-807e-4a26-a7ed-63b7efac4179,1,2024-02-18 10:47:44.124001,2024-02-18 10:47:44.124001,,09fc638a-e983-49eb-952b-a97a7f52d0e9,7773c1eb-dbca-45c8-9244-2c716d03fe60
1dad3cef-6ddf-4cea-bc96-163ed5f3160a,1,2024-02-18 10:47:44.120857,2024-02-18 10:47:44.120857,,2771b6c7-289b-4f91-b9bf-e6f4727ea153,7773c1eb-dbca-45c8-9244-2c716d03fe60
c2afbc62-5936-4989-9239-3a1e34929fa3,1,2024-02-18 10:47:44.122341,2024-02-18 10:47:44.122341,,367492db-8c40-4033-9fcf-a7b4896b6df9,7773c1eb-dbca-45c8-9244-2c716d03fe60
97e2dd8e-e484-4923-b12e-d9c9f0d8e67f,1,2024-02-18 10:47:44.131877,2024-02-18 10:47:44.131877,,56676d2f-bf3f-4588-bcbc-776e230a011c,7773c1eb-dbca-45c8-9244-2c716d03fe60
3447b7bf-116b-42ce-90ea-639fefeb8580,1,2024-02-18 10:47:44.131827,2024-02-18 10:47:44.131827,,2d38e068-c18e-461d-92a7-8e66f2abf5af,7773c1eb-dbca-45c8-9244-2c716d03fe60
87dd4f3b-1734-4520-970f-1d6c531599a9,1,2024-02-18 10:47:44.131880,2024-02-18 10:47:44.131880,,3b7ca559-c1fa-491f-aece-ef97c29f482b,7773c1eb-dbca-45c8-9244-2c716d03fe60
13bd3f7b-1fbe-4e76-b57d-cb183127fa67,1,2024-02-18 10:47:44.140572,2024-02-18 10:47:44.140572,,8c32938f-7b9d-4cf5-92f8-b1eb5d8f579b,7773c1eb-dbca-45c8-9244-2c716d03fe60
db58e111-b147-41db-a795-7d673199b68b,1,2024-02-18 10:47:44.272393,2024-02-18 10:47:44.272393,,4dbd5f5a-7c70-4619-bfe2-352038d11722,7773c1eb-dbca-45c8-9244-2c716d03fe60
79da46de-ff71-4db8-a5f9-444ccff27539,1,2024-02-18 10:47:44.272398,2024-02-18 10:47:44.272398,,41dc3e46-408f-4c75-97b0-f4e77f379f45,7773c1eb-dbca-45c8-9244-2c716d03fe60
3d96330f-81cf-421b-9186-5f8f913acc0f,1,2024-02-18 10:47:44.301985,2024-02-18 10:47:44.301985,,526d73e9-d8f1-45dd-b4ca-22e170eeb909,7773c1eb-dbca-45c8-9244-2c716d03fe60
b9ba05f1-1fbd-4990-9fa6-db96246289a7,1,2024-02-18 10:47:44.301991,2024-02-18 10:47:44.301991,,3bfcfbf0-821a-49d5-9480-619f08200830,7773c1eb-dbca-45c8-9244-2c716d03fe60
fe5fb4db-68f0-47cb-b805-0e37d403933b,1,2024-02-18 10:47:44.302013,2024-02-18 10:47:44.302013,,45078b5a-7676-4a8c-8f79-6c96ab1a53e8,7773c1eb-dbca-45c8-9244-2c716d03fe60
97145cfd-d5dd-4bfe-848c-34763595a46d,1,2024-02-18 10:47:44.302010,2024-02-18 10:47:44.302010,,dfba88f1-5555-4930-abae-f424012cc654,7773c1eb-dbca-45c8-9244-2c716d03fe60
