id,version,created,updated,deleted,place_id,map_id
b55cf724-0fbd-4607-a2bc-d12117f75c87,1,2024-02-18 10:47:03.185038,2024-02-18 10:47:03.185038,,2acfa493-a475-4634-8a92-c8f2d88871f6,7773c1eb-dbca-45c8-9244-2c716d03fe60
78437360-ea97-4781-a697-208b49061b92,1,2024-02-18 10:47:03.240067,2024-02-18 10:47:03.240067,,c2e63750-b59b-4903-95d6-bc85aa178379,7773c1eb-dbca-45c8-9244-2c716d03fe60
bee53acd-5ea9-45ca-9db2-a2a6aad2b743,1,2024-02-18 10:47:03.309814,2024-02-18 10:47:03.309814,,c757b278-4a00-4775-acfa-51dd41a2aeb4,7773c1eb-dbca-45c8-9244-2c716d03fe60
57c12448-4bb7-4933-ba85-c013e650d063,1,2024-02-18 10:47:03.196169,2024-02-18 10:47:03.196169,,aed78b85-5cc2-456c-88eb-909dc40426f9,7773c1eb-dbca-45c8-9244-2c716d03fe60
737df6d0-2e5b-42ee-91f9-62c0fdf3195b,1,2024-02-18 10:47:03.256262,2024-02-18 10:47:03.256262,,e488238c-fc8b-4f00-b243-332e553525c5,7773c1eb-dbca-45c8-9244-2c716d03fe60
09533a2e-db82-48da-a3ee-ac9ee28da782,1,2024-02-18 10:47:03.198932,2024-02-18 10:47:03.198932,,a726500d-da17-4010-ace3-65aba62177f9,7773c1eb-dbca-45c8-9244-2c716d03fe60
fec4fc4a-3554-450a-a76b-46619ae7beb1,1,2024-02-18 10:47:03.291159,2024-02-18 10:47:03.291159,,6c612a29-7488-4971-af9f-60684552f272,7773c1eb-dbca-45c8-9244-2c716d03fe60
e2796278-c48b-45cd-abf7-aacd62b1af4e,1,2024-02-18 10:47:03.199477,2024-02-18 10:47:03.199477,,3c97c0a4-d1ff-46e0-a427-9d41349d7dcd,7773c1eb-dbca-45c8-9244-2c716d03fe60
cea11785-2986-4c74-83e5-b7eeb41ae7d4,1,2024-02-18 10:47:03.290000,2024-02-18 10:47:03.290000,,b0102932-0667-482e-884e-85f26830885e,7773c1eb-dbca-45c8-9244-2c716d03fe60
0875a7d3-11e8-428a-8bc8-2665c65507b6,1,2024-02-18 10:47:03.221932,2024-02-18 10:47:03.221932,,d763678b-cd3a-450d-8879-e8c9326c3656,7773c1eb-dbca-45c8-9244-2c716d03fe60
5f2e2859-b320-4273-aa63-07776bea7172,1,2024-02-18 10:47:03.303138,2024-02-18 10:47:03.303138,,16850987-a3ee-4e6f-aad1-ae2b723ebcc8,7773c1eb-dbca-45c8-9244-2c716d03fe60
0e34d410-3220-4485-83b8-4bf0ca8d718e,1,2024-02-18 10:47:03.279143,2024-02-18 10:47:03.279143,,3797759e-04de-459c-b9ea-be6f2bcab8d7,7773c1eb-dbca-45c8-9244-2c716d03fe60
e3a1baf0-05ad-4613-9dfd-c6e4b9478485,1,2024-02-18 10:47:03.286424,2024-02-18 10:47:03.286424,,f9ea4888-d283-4682-9f47-539bdf5bff7f,7773c1eb-dbca-45c8-9244-2c716d03fe60
455fbe48-f0db-42a9-82be-d30cd45f186b,1,2024-02-18 10:47:03.287043,2024-02-18 10:47:03.287043,,45ea0dc2-fd29-474d-b403-9dff5c764d7b,7773c1eb-dbca-45c8-9244-2c716d03fe60
599f86f0-8e36-4c50-9c1c-c404b5a6d546,1,2024-02-18 10:47:03.288158,2024-02-18 10:47:03.288158,,e3a04732-637d-4eb3-afa3-9c4506acad1d,7773c1eb-dbca-45c8-9244-2c716d03fe60
